epochs, loss_g, loss_d
Epoch 1, Loss G: -0.0685,Loss D:  0.0514
Epoch 2, Loss G: -0.3354,Loss D:  0.2880
Epoch 3, Loss G: -0.1122,Loss D:  0.0470
Epoch 4, Loss G:  0.2126,Loss D: -0.3662
Epoch 5, Loss G: -0.1273,Loss D:  0.0040
Epoch 6, Loss G: -0.1004,Loss D: -0.0329
Epoch 7, Loss G: -0.2498,Loss D:  0.0036
Epoch 8, Loss G: -0.5935,Loss D:  0.1505
Epoch 9, Loss G: -0.5840,Loss D:  0.0034
Epoch 10, Loss G: -0.7118,Loss D:  0.0264
Epoch 11, Loss G: -0.6782,Loss D: -0.0684
Epoch 12, Loss G: -0.8817,Loss D:  0.0904
Epoch 13, Loss G: -0.9795,Loss D:  0.0923
Epoch 14, Loss G: -0.6857,Loss D: -0.1417
Epoch 15, Loss G: -0.9700,Loss D:  0.1324
Epoch 16, Loss G: -1.0103,Loss D:  0.0760
Epoch 17, Loss G: -0.7583,Loss D: -0.1292
Epoch 18, Loss G: -1.1144,Loss D:  0.1345
Epoch 19, Loss G: -0.9290,Loss D: -0.0627
Epoch 20, Loss G: -1.0569,Loss D:  0.0876
Epoch 21, Loss G: -0.9885,Loss D: -0.0377
Epoch 22, Loss G: -1.0838,Loss D:  0.0595
Epoch 23, Loss G: -1.0276,Loss D: -0.0464
Epoch 24, Loss G: -1.1277,Loss D:  0.0789
Epoch 25, Loss G: -1.0091,Loss D: -0.0575
Epoch 26, Loss G: -1.2716,Loss D:  0.0958
Epoch 27, Loss G: -1.2087,Loss D: -0.0469
Epoch 28, Loss G: -1.2468,Loss D:  0.0457
Epoch 29, Loss G: -1.2813,Loss D: -0.0100
Epoch 30, Loss G: -1.3202,Loss D:  0.0397
Epoch 31, Loss G: -1.4073,Loss D:  0.0218
Epoch 32, Loss G: -1.3627,Loss D: -0.0108
Epoch 33, Loss G: -1.5473,Loss D:  0.0975
Epoch 34, Loss G: -1.3821,Loss D: -0.0417
Epoch 35, Loss G: -1.5071,Loss D:  0.0268
Epoch 36, Loss G: -1.6305,Loss D:  0.0900
Epoch 37, Loss G: -1.5154,Loss D: -0.0601
Epoch 38, Loss G: -1.6966,Loss D:  0.0621
Epoch 39, Loss G: -1.6824,Loss D:  0.0385
Epoch 40, Loss G: -1.6384,Loss D: -0.0134
Epoch 41, Loss G: -1.7208,Loss D:  0.0109
Epoch 42, Loss G: -1.7165,Loss D:  0.0172
Epoch 43, Loss G: -1.7075,Loss D:  0.0214
Epoch 44, Loss G: -1.6578,Loss D: -0.0190
Epoch 45, Loss G: -1.8031,Loss D:  0.0396
Epoch 46, Loss G: -1.7818,Loss D: -0.0010
Epoch 47, Loss G: -1.7896,Loss D:  0.0205
Epoch 48, Loss G: -1.8079,Loss D:  0.0263
Epoch 49, Loss G: -1.7913,Loss D: -0.0051
Epoch 50, Loss G: -1.8374,Loss D:  0.0029
Epoch 51, Loss G: -1.7953,Loss D: -0.0151
Epoch 52, Loss G: -1.9166,Loss D:  0.0711
Epoch 53, Loss G: -1.7946,Loss D: -0.0542
Epoch 54, Loss G: -1.8927,Loss D:  0.0553
Epoch 55, Loss G: -1.8679,Loss D: -0.0040
Epoch 56, Loss G: -1.9567,Loss D:  0.0440
Epoch 57, Loss G: -2.0124,Loss D: -0.0082
Epoch 58, Loss G: -1.9519,Loss D:  0.0173
Epoch 59, Loss G: -1.9512,Loss D:  0.0201
Epoch 60, Loss G: -1.9949,Loss D:  0.0349
Epoch 61, Loss G: -2.0481,Loss D: -0.0227
Epoch 62, Loss G: -2.1537,Loss D:  0.0387
Epoch 63, Loss G: -2.1721,Loss D:  0.0244
Epoch 64, Loss G: -2.0657,Loss D: -0.0349
Epoch 65, Loss G: -2.1366,Loss D:  0.0948
Epoch 66, Loss G: -2.0929,Loss D: -0.0398
Epoch 67, Loss G: -2.2058,Loss D:  0.0484
Epoch 68, Loss G: -2.1840,Loss D: -0.0164
Epoch 69, Loss G: -2.2422,Loss D:  0.0129
Epoch 70, Loss G: -2.3226,Loss D:  0.0415
Epoch 71, Loss G: -2.2211,Loss D: -0.0121
Epoch 72, Loss G: -2.2715,Loss D:  0.0406
Epoch 73, Loss G: -2.2766,Loss D:  0.0266
Epoch 74, Loss G: -2.3148,Loss D: -0.0093
Epoch 75, Loss G: -2.3300,Loss D:  0.0286
Epoch 76, Loss G: -2.3655,Loss D:  0.0033
Epoch 77, Loss G: -2.3363,Loss D:  0.0220
Epoch 78, Loss G: -2.3332,Loss D:  0.0267
Epoch 79, Loss G: -2.3350,Loss D: -0.0126
Epoch 80, Loss G: -2.4023,Loss D:  0.0160
Epoch 81, Loss G: -2.4130,Loss D:  0.0190
Epoch 82, Loss G: -2.4119,Loss D:  0.0252
Epoch 83, Loss G: -2.3986,Loss D:  0.0002
Epoch 84, Loss G: -2.3948,Loss D:  0.0061
Epoch 85, Loss G: -2.5138,Loss D:  0.0551
Epoch 86, Loss G: -2.4205,Loss D: -0.0426
Epoch 87, Loss G: -2.5222,Loss D:  0.0678
Epoch 88, Loss G: -2.4608,Loss D:  0.0188
Epoch 89, Loss G: -2.4592,Loss D:  0.0035
Epoch 90, Loss G: -2.4887,Loss D:  0.0064
Epoch 91, Loss G: -2.4869,Loss D:  0.0127
Epoch 92, Loss G: -2.5295,Loss D:  0.0127
Epoch 93, Loss G: -2.5103,Loss D:  0.0111
Epoch 94, Loss G: -2.5482,Loss D:  0.0033
Epoch 95, Loss G: -2.5383,Loss D:  0.0079
Epoch 96, Loss G: -2.5444,Loss D:  0.0464
Epoch 97, Loss G: -2.5441,Loss D: -0.0027
Epoch 98, Loss G: -2.6034,Loss D:  0.0209
Epoch 99, Loss G: -2.6181,Loss D: -0.0100
Epoch 100, Loss G: -2.5927,Loss D:  0.0190
Epoch 101, Loss G: -2.6055,Loss D:  0.0320
Epoch 102, Loss G: -2.5065,Loss D: -0.0344
Epoch 103, Loss G: -2.5996,Loss D:  0.0311
Epoch 104, Loss G: -2.6374,Loss D:  0.0081
Epoch 105, Loss G: -2.6762,Loss D:  0.0046
Epoch 106, Loss G: -2.6577,Loss D:  0.0253
Epoch 107, Loss G: -2.5575,Loss D: -0.0045
Epoch 108, Loss G: -2.6151,Loss D:  0.0412
Epoch 109, Loss G: -2.6116,Loss D: -0.0128
Epoch 110, Loss G: -2.6849,Loss D:  0.0119
Epoch 111, Loss G: -2.7205,Loss D:  0.0521
Epoch 112, Loss G: -2.5735,Loss D: -0.0448
Epoch 113, Loss G: -2.6369,Loss D:  0.0471
Epoch 114, Loss G: -2.7136,Loss D:  0.0331
Epoch 115, Loss G: -2.6074,Loss D: -0.0884
Epoch 116, Loss G: -2.7805,Loss D:  0.0858
Epoch 117, Loss G: -2.6474,Loss D: -0.0109
Epoch 118, Loss G: -2.6063,Loss D: -0.0181
Epoch 119, Loss G: -2.6738,Loss D:  0.0386
Epoch 120, Loss G: -2.6681,Loss D:  0.0154
Epoch 121, Loss G: -2.6971,Loss D:  0.0017
Epoch 122, Loss G: -2.7350,Loss D:  0.0180
Epoch 123, Loss G: -2.7350,Loss D:  0.0491
Epoch 124, Loss G: -2.6000,Loss D: -0.0629
Epoch 125, Loss G: -2.7893,Loss D:  0.0764
Epoch 126, Loss G: -2.6958,Loss D: -0.0523
Epoch 127, Loss G: -2.7480,Loss D:  0.0345
Epoch 128, Loss G: -2.7388,Loss D:  0.0215
Epoch 129, Loss G: -2.6548,Loss D: -0.0508
Epoch 130, Loss G: -2.7629,Loss D:  0.0570
Epoch 131, Loss G: -2.7395,Loss D: -0.0481
Epoch 132, Loss G: -2.7813,Loss D:  0.0352
Epoch 133, Loss G: -2.7185,Loss D: -0.0127
Epoch 134, Loss G: -2.7140,Loss D:  0.0016
Epoch 135, Loss G: -2.7680,Loss D:  0.0447
Epoch 136, Loss G: -2.7737,Loss D: -0.0188
Epoch 137, Loss G: -2.7829,Loss D:  0.0117
Epoch 138, Loss G: -2.8010,Loss D:  0.0009
Epoch 139, Loss G: -2.7501,Loss D:  0.0204
Epoch 140, Loss G: -2.7682,Loss D:  0.0087
Epoch 141, Loss G: -2.7684,Loss D: -0.0102
Epoch 142, Loss G: -2.8009,Loss D:  0.0017
Epoch 143, Loss G: -2.8882,Loss D:  0.0514
Epoch 144, Loss G: -2.7228,Loss D: -0.0339
Epoch 145, Loss G: -2.7541,Loss D:  0.0422
Epoch 146, Loss G: -2.8064,Loss D:  0.0007
Epoch 147, Loss G: -2.7843,Loss D: -0.0344
Epoch 148, Loss G: -2.8959,Loss D:  0.0711
Epoch 149, Loss G: -2.7638,Loss D: -0.0411
Epoch 150, Loss G: -2.7996,Loss D:  0.0003
Epoch 151, Loss G: -2.8548,Loss D:  0.0358
Epoch 152, Loss G: -2.8571,Loss D: -0.0143
Epoch 153, Loss G: -2.8170,Loss D:  0.0123
Epoch 154, Loss G: -2.8555,Loss D:  0.0188
Epoch 155, Loss G: -2.7892,Loss D: -0.0035
Epoch 156, Loss G: -2.8650,Loss D:  0.0173
Epoch 157, Loss G: -2.8589,Loss D: -0.0233
Epoch 158, Loss G: -2.8668,Loss D:  0.0374
Epoch 159, Loss G: -2.8669,Loss D: -0.0044
Epoch 160, Loss G: -2.8221,Loss D:  0.0193
Epoch 161, Loss G: -2.7825,Loss D: -0.0174
Epoch 162, Loss G: -2.8897,Loss D:  0.0240
Epoch 163, Loss G: -2.8954,Loss D:  0.0193
Epoch 164, Loss G: -2.8064,Loss D: -0.0215
Epoch 165, Loss G: -2.8660,Loss D:  0.0241
Epoch 166, Loss G: -2.9010,Loss D: -0.0209
Epoch 167, Loss G: -2.8628,Loss D:  0.0185
Epoch 168, Loss G: -2.8813,Loss D: -0.0097
Epoch 169, Loss G: -2.8572,Loss D:  0.0146
Epoch 170, Loss G: -2.8391,Loss D:  0.0023
Epoch 171, Loss G: -2.9013,Loss D:  0.0227
Epoch 172, Loss G: -2.8970,Loss D: -0.0219
Epoch 173, Loss G: -2.9084,Loss D:  0.0307
Epoch 174, Loss G: -2.8366,Loss D: -0.0109
Epoch 175, Loss G: -2.8308,Loss D:  0.0292
Epoch 176, Loss G: -2.8748,Loss D:  0.0098
Epoch 177, Loss G: -2.8577,Loss D: -0.0247
Epoch 178, Loss G: -2.9558,Loss D:  0.0213
Epoch 179, Loss G: -2.9372,Loss D: -0.0027
Epoch 180, Loss G: -2.8580,Loss D:  0.0067
Epoch 181, Loss G: -2.9103,Loss D:  0.0083
Epoch 182, Loss G: -2.9378,Loss D:  0.0048
